3.0,Dollars,Yen,386.22
3.0,Euros,Yen,418.11
3.0,Euros,Dollars,3.260869565217391
19.0,Euros,Dollars,20.652173913043477
32.0,Dollars,Euros,29.44
32.0,Euros,Dollars,34.78260869565217
